ID,Job Title,Email Address,FirstName LastName,Salary
1,Designer,Lynn_Williams3854@womeona.net,Lynn Williams,22698
2,Lecturer,Bethany_Purvis7785@infotech44.tech,Bethany Purvis,53476
3,Insurance Broker,Hank_Campbell2235@yahoo.com,Hank Campbell,92958
4,Treasurer,Barry_Terry8078@muall.tech,Barry Terry,22307
5,Biologist,Kamila_Rainford5011@vetan.org,Kamila Rainford,71166
6,Budget Analyst,Boris_Graham2796@infotech44.tech,Boris Graham,6391
7,Loan Officer,Nate_Redden2357@ubusive.com,Nate Redden,64741
8,Loan Officer,Katelyn_Gonzales9853@tonsy.org,Katelyn Gonzales,78711
9,Treasurer,Chelsea_Norton8873@fuliss.net,Chelsea Norton,7490
10,Doctor,Tyson_Skinner3649@hourpy.biz,Tyson Skinner,48467
11,IT Support Staff,Tyson_Tait521@zorer.org,Tyson Tait,72886
12,Paramedic,Adelaide_Speed3066@gompie.com,Adelaide Speed,59767
13,Health Educator,Sabina_Freeburn4040@bungar.biz,Sabina Freeburn,99182
14,Cashier,Carl_Warner9643@extex.org,Carl Warner,34350
15,Auditor,Sofie_Ballard5127@nanoff.biz,Sofie Ballard,12755
16,Service Supervisor,Rosa_Archer3219@famism.biz,Rosa Archer,46178
17,Machine Operator,Ronald_Bailey4325@irrepsy.com,Ronald Bailey,27117
18,Pharmacist,Abdul_Adams8974@corti.com,Abdul Adams,44524
19,Cash Manager,Scarlett_Glynn8854@supunk.biz,Scarlett Glynn,20767
20,Budget Analyst,Danny_Veale4070@irrepsy.com,Danny Veale,23512

